imageName,text
0000_img_reddit_self_enhancing_0016.png,When you find out someone wants to give your interest or fixation a try
0001_img_reddit_self_deprecating_0049.jpg,What my brain tells me every time i think about saying something in public. SHHH NO ONE CARES.
0002_img_reddit_self_enhancing_0049.png,The grass touching will continue until mental health improves
0003_img_reddit_self_deprecating_0044.jpg,A compliment about me being cute. My hatred of myself and self image denying it.
0004_img_reddit_self_deprecating_0012.jpg,saw my face today. Day=ruined
0005_img_reddit_self_enhancing_0050.png,"Quiet girl: I-1 wish to have a cute smile  The genie: Sorry ma’am, but I can’t grant any redundant wishes. The quiet girl:"
0006_img_reddit_self_enhancing_0085.jpeg,My oldest child. The title of who loves grandma the most. My youngest child. They both win.
0007_img_reddit_self_enhancing_0047.jpeg,"Procrastination, seasonal depression, anxiety, Me. Impromptu dancey sesh at midnight."
0008_img_reddit_self_enhancing_0004.jpeg,"The Path Toward a Dream. Our dreams are like the moon. Big, heautiful, in sight, yet out of reach.  Out of reach? Come with me. Sometimes you just need to shift your perspective."
0009_img_reddit_self_enhancing_0073.jpeg,"Try and leave this world a little better than you found it, we are stewards of the earth and must care for it."
0010_img_reddit_self_deprecating_0064.png,"profile picture   in real life   tagged photo   in real life"
0011_img_reddit_self_enhancing_0025.png,"I GOT PAID TODAY. TONIGHT, I WILL HAVE A GLASS OF CHAMPAGNE WITH MY FIANCE. AS I PRESS THE BUTTON ON MY BANKS APP TO FINALLY FINISH PAYING OFF MY FIRST CAR LOAN."
0012_img_reddit_self_enhancing_0005.png,When You're feeling gloomy on an average day so the weather decided to recreate internet  history
0013_img_reddit_self_deprecating_0010.jpg,"My life is falling apart because of society  My life is falling apart because of my mental illness  My life is falling apart because of my bad decisions  It's just me, I'm just a bad person"
0014_img_reddit_self_enhancing_0093.jpeg,"A message to all my haters...  There is no need to hate me. I'm sure once you get to know me as a person, your hatred of me will disappear.  let us all be respectful to eachother and spread kindness rather than hatred.  we're all human beings united in this world together."
0015_img_reddit_self_deprecating_0058.jpg,"3 rules: -no wishing for death  -no falling in love  -no bring back dead people. I wish I could feel good about myself. There are 4 rules"
0016_img_reddit_self_deprecating_0068.jpg,"ME WHO IS AN WEIRD,UNLOVABLE AND UGLY PIECE OF TRASH WHO NEEDS TO REALIZE THAT NOBODY WANTS TO BE AROUND ME. EVERYONE ELSE WHO IS TRYING TO HAVE A GOOD DAY AS WELL AS HOPE THAT I EVENTUALLY GO AWAY IF THEY GHOST ME FOR LONG PERIODS OF TIME."
0017_img_reddit_self_enhancing_0076.jpeg,Newton with an apple. Me with an apple.
0018_img_reddit_self_deprecating_0003.png, YOU KNOW WHAT FUCK THIS SHIT I'M OUT
0019_img_reddit_self_enhancing_0082.png,me seeing all the people in Minneapolis weather the blistering cold to support the vulnerable people in their community
0020_img_reddit_self_enhancing_0105.jpeg,Beautiful things come and go. But they come.
0021_img_reddit_self_enhancing_0114.jpeg,You're allowed to start again and again and again and again
0022_img_reddit_self_enhancing_0108.jpeg,"GOOD MORNING , I'VE CALLED THIS FAMILY MEETING FOR AN IMPORTANT REASON NOW THAT THE BOYS HAVE GROWN UP AND MOVED OUT, I'M GOING TO NEED THE THREE OF YOU TO PICK UP THE SLACK ALFIE — YOU'RE ALREADY POING A GREAT JOB OF KNOCKING ALL THE THROW Pillows OFF THE COUCH. MICKEY - I'M GOING TO NEED YOU TO INCREASE YOUR LATE NIGHT WALKS THROUGH THE KITCHEN BY 33% AND Lola — JUST KEEP  BEING YOUR DEMANDING,  HEADSTRONG SELF, But IF You CAN START ASKING TO GO OUT AT INOPPORTUNE TIMES, THAT WOULD BE AWESOME. DON'T WORRY WE'LL GET THROUGH THIS TOGETHER"
0023_img_reddit_self_enhancing_0018.jpeg,"I see you trying to better your self twin, your work isn't going unnoticed"
0024_img_reddit_self_enhancing_0094.jpeg,You can be the best mango milkshake in the world but if that person only likes strawberry milkshake then what can you do? Better to chose someone who willingly chooses you instead of trying to find a partner in every single person  made with mematic
0025_img_reddit_self_enhancing_0092.png,when I finally take the meds my therapist prescribed and every aspect of my life improves
0026_img_reddit_self_enhancing_0027.jpeg,stop normalizing the grind and normalize whatever this is
0027_img_reddit_self_enhancing_0046.jpeg,"MY PARENT'S DIVORCE TAKING A TOLL ON MY MENTAL HEALTH MY AUNT WHO WAS LOOKING AFTER ME AT THE TIME AND HOWERING ME WITH HUGS, KISSES AND PRESENTS 6 YEAR OLD ME"
0028_img_reddit_self_deprecating_0028.jpg,Here's the list of all the people who care about me.
0029_img_reddit_self_enhancing_0024.jpeg,grandparents when you arrive for the holidays  Now witness the comfort of this fully furnished and decorated guest bedroom
0030_img_reddit_self_deprecating_0071.jpg,You when you realise after accounting for bills you have just enough money to afford a bread sandwich:
0031_img_reddit_self_enhancing_0006.png,1 GOTTA GO BUT WE'RE HAVING SO MUCH FUN! I WANT TO GIVE YOU SOMETHING TO REMEMBER ME BY.
0032_img_reddit_self_enhancing_0097.jpeg,"ACTUAL FOOTAGE OF ME AT 5 VEARS OLD"
0033_img_reddit_self_deprecating_0073.jpg,I'm not saying i'm a people pleaser  BUT  i adjust my personality to seem more energetic or distant depending on how judgemental i perceive you to be
0034_img_reddit_self_enhancing_0029.jpeg,when i start to doubt myself  When I embrace how awsome I am
0035_img_reddit_self_enhancing_0044.jpeg,When she buys you the exact number of item you mumbled about three months ago
0036_img_reddit_self_deprecating_0042.jpg,Manic me desperately trying to find something to do that brings me joy  Dissociative me
0037_img_reddit_self_deprecating_0057.jpg,Yeah sex Is cool but have you ever sat in darkness wondering why you're not good enough
0038_img_reddit_self_enhancing_0040.jpeg,who cares what people think Mom SAID i'M THE PRETTIEST
0039_img_reddit_self_deprecating_0060.jpg,"Someone, somewhere, at some  point has probably idly fantasized about being in a relationship with you.  Big deal, I have nightmares too"
0040_img_reddit_self_deprecating_0035.jpg,What is your scariest story? My life
0041_img_reddit_self_deprecating_0061.jpg,TRIED TO SET UP FACE UNLOCK ON MY PHONE. BUT I'M SO UGLY IT MELTED ON FIRST ATTEMPT
0042_img_reddit_self_enhancing_0058.jpeg,"WHAT WOULD i CREATE IF NO ONE WAS GOING TO SEE IT?  WOULD i LET MY MISTAKES STAY... AND STILL KEEP GOING?  WOULD i GROW BEYOND THEM? WOULD i STOP CHASING PERFECT... AND START ENJOYING CREATING? MAYBE THAT'S WHEN THE ARTIST BECOMES FREE"
0043_img_reddit_self_deprecating_0069.jpg,Me: *chatting with some friends online*  Small period of no response: *exists*  My brain to me every time for some reason:  AND ITS ALL YOUR FAULT!
0044_img_reddit_self_deprecating_0033.jpg,what unhealthy coping mechanisms are you choosing today?! A: drugs/alcohol B: binging/overeating C: starving D: isolation
0045_img_reddit_aggressive_0006.png,QUIT CHIMPING OUT
0046_img_reddit_self_enhancing_0007.jpeg,ARE YOU OKAY? I FEEL ALONE... THERE IS MUSH-ROOM FOR EVERYONE!
0047_img_reddit_aggressive_0003.jpg,"Taylor Swift can now buy Kanye West and still have $700M left for herself.  Taylor Swift cannot “buy” Kanye West, as this was abolished in 1865 in the United States."
0048_img_reddit_self_enhancing_0096.jpeg,You are already my friend
0049_img_reddit_self_enhancing_0071.jpeg,TODAY TOMORROW
0050_img_reddit_self_deprecating_0076.jpg,You may feel alone but you are
0051_img_reddit_self_enhancing_0084.png,ME STRUGGLING MENTALLY THIS WEEK: MY FRIENDS THERAPY MY FAMILY MY NEIGHBOURS
0052_img_reddit_self_enhancing_0109.png,"“Well, well, well... look who's trying to end an argument by giving me food. If you think that’s gonna work you're absolutely right”"
0053_img_reddit_self_enhancing_0009.jpeg,i think it's very sexy and brave of me to continue living
0054_img_reddit_aggressive_0008.jpeg,"Nobody at school wants to guard Muhammad, he's too explosive"
0056_img_reddit_self_deprecating_0034.jpg,"YOU ASK WHY I DON'T EVER LOOK HAPPY? IT'S BECAUSE I'M NEVER HAPPY"
0057_img_reddit_self_deprecating_0047.jpg,I sexually identify as a mistake
0058_img_reddit_self_enhancing_0033.jpeg,Can you help me with this? Here... done! Can you come here again? but there's nothing wrong..
0059_img_reddit_aggressive_0009.png,"If you suddenly acquired super powers, what would you use them for?  Bro: I’d use them to defend the weak. Bro if he actually gained superpowers: ...I am the great demon lord. from this moment on..."
0060_img_reddit_self_enhancing_0052.jpeg,My little brother being sad about putting a hole in the wall. Me teaching him how to fix it so he knows till next time.
0061_img_reddit_self_deprecating_0017.png,I'm the dumbest man alive! I think my feelings matter. You're clearly dumber.
0062_img_reddit_self_enhancing_0038.png,How it feels to look up smallpox on Wikipedia and see the article written in past tense.
0063_img_reddit_self_deprecating_0051.png,If gay is another word for happy then I'm as hetero as it gets
0064_img_reddit_self_deprecating_0065.jpg,"When you text your friend saying ""I wanna die"", but instead of them trying to make you feel better they reply ""same"""
0065_img_reddit_self_deprecating_0053.jpg,UR kinda ok sometimes  Sometimes I don't vomit when I see you. @ my valentine
0066_img_reddit_self_deprecating_0021.png,"10:30pm Ok! time to go to bed. 3:30am who needs sleep when you've been dead inside for years"
0067_img_reddit_self_enhancing_0068.jpeg,"The anxiety side of my mind, making up fake scenarious in my head to make me worry  The logical side of my mind, reminding me that my anxieties have NEVER been right"
